qid,category,max_ndcg,BGE-M3,Qwen3-embed,Hybrid BM25+Qwen3,BM25
19,hard,0.0,0.0,0.0,0.0,0.0
22,hard,0.0,0.0,0.0,0.0,0.0
46,hard,0.0,0.0,0.0,0.0,0.0
109,hard,0.0,0.0,0.0,0.0,0.0
161,hard,0.0,0.0,0.0,0.0,0.0
358,hard,0.0,0.0,0.0,0.0,0.0
361,hard,0.0,0.0,0.0,0.0,0.0
419,hard,0.0,0.0,0.0,0.0,0.0
450,hard,0.0,0.0,0.0,0.0,0.0
559,hard,0.0,0.0,0.0,0.0,0.0
640,hard,0.0,0.0,0.0,0.0,0.0
759,hard,0.0,0.0,0.0,0.0,0.0
789,hard,0.0,0.0,0.0,0.0,0.0
966,hard,0.0,0.0,0.0,0.0,0.0
1002,hard,0.0,0.0,0.0,0.0,0.0
1035,hard,0.0,0.0,0.0,0.0,0.0
1204,hard,0.0,0.0,0.0,0.0,0.0
1310,hard,0.0,0.0,0.0,0.0,0.0
1352,hard,0.0,0.0,0.0,0.0,0.0
1419,hard,0.0,0.0,0.0,0.0,0.0
1420,hard,0.0,0.0,0.0,0.0,0.0
1505,hard,0.0,0.0,0.0,0.0,0.0
1559,hard,0.0,0.0,0.0,0.0,0.0
1619,hard,0.0,0.0,0.0,0.0,0.0
1633,hard,0.0,0.0,0.0,0.0,0.0
1982,hard,0.0,0.0,0.0,0.0,0.0
2102,hard,0.0,0.0,0.0,0.0,0.0
2119,hard,0.0,0.0,0.0,0.0,0.0
2142,hard,0.0,0.0,0.0,0.0,0.0
2267,hard,0.0,0.0,0.0,0.0,0.0
2898,hard,0.0,0.0,0.0,0.0,0.0
3057,hard,0.0,0.0,0.0,0.0,0.0
3104,hard,0.0,0.0,0.0,0.0,0.0
3121,hard,0.0,0.0,0.0,0.0,0.0
3244,hard,0.0,0.0,0.0,0.0,0.0
3333,hard,0.0,0.0,0.0,0.0,0.0
3358,hard,0.0,0.0,0.0,0.0,0.0
3482,hard,0.0,0.0,0.0,0.0,0.0
3582,hard,0.0,0.0,0.0,0.0,0.0
3609,hard,0.0,0.0,0.0,0.0,0.0
3614,hard,0.0,0.0,0.0,0.0,0.0
3661,hard,0.0,0.0,0.0,0.0,0.0
3728,hard,0.0,0.0,0.0,0.0,0.0
3753,hard,0.0,0.0,0.0,0.0,0.0
3968,hard,0.0,0.0,0.0,0.0,0.0
3998,hard,0.0,0.0,0.0,0.0,0.0
4010,hard,0.0,0.0,0.0,0.0,0.0
4092,hard,0.0,0.0,0.0,0.0,0.0
4170,hard,0.0,0.0,0.0,0.0,0.0
4211,hard,0.0,0.0,0.0,0.0,0.0
4443,hard,0.0,0.0,0.0,0.0,0.0
4512,hard,0.0,0.0,0.0,0.0,0.0
4586,hard,0.0,0.0,0.0,0.0,0.0
4838,hard,0.0,0.0,0.0,0.0,0.0
4912,hard,0.0,0.0,0.0,0.0,0.0
4921,hard,0.0,0.0,0.0,0.0,0.0
4962,hard,0.0,0.0,0.0,0.0,0.0
4964,hard,0.0,0.0,0.0,0.0,0.0
5218,hard,0.0,0.0,0.0,0.0,0.0
5286,hard,0.0,0.0,0.0,0.0,0.0
5337,hard,0.0,0.0,0.0,0.0,0.0
5344,hard,0.0,0.0,0.0,0.0,0.0
5460,hard,0.0,0.0,0.0,0.0,0.0
5563,hard,0.0,0.0,0.0,0.0,0.0
5719,hard,0.0,0.0,0.0,0.0,0.0
5734,hard,0.0,0.0,0.0,0.0,0.0
5769,hard,0.0,0.0,0.0,0.0,0.0
5817,hard,0.0,0.0,0.0,0.0,0.0
5829,hard,0.0,0.0,0.0,0.0,0.0
6042,hard,0.0,0.0,0.0,0.0,0.0
6052,hard,0.0,0.0,0.0,0.0,0.0
5269,hard,0.0979,0.0798,0.0,0.0979,0.0901
5372,hard,0.098,0.0,0.0,0.0,0.098
613,medium,0.1009,0.0,0.0,0.0875,0.1009
1271,medium,0.1021,0.0,0.0,0.0,0.1021
4254,medium,0.1078,0.0,0.1078,0.0,0.0
5525,medium,0.1131,0.1131,0.0,0.0,0.0
506,medium,0.1232,0.1232,0.0,0.0,0.0
218,medium,0.1301,0.1301,0.0,0.0,0.0
1324,medium,0.1461,0.1461,0.0,0.1131,0.0
3306,medium,0.148,0.148,0.0,0.1357,0.0
4375,medium,0.148,0.148,0.0,0.0,0.0
5003,medium,0.148,0.148,0.0,0.0,0.1413
1412,medium,0.1493,0.1493,0.0,0.0,0.0979
2910,medium,0.151,0.151,0.0,0.0,0.0
5452,medium,0.151,0.151,0.1128,0.0,0.0
363,medium,0.1513,0.1513,0.1303,0.0,0.0
3710,medium,0.1564,0.0,0.0,0.1413,0.1564
758,medium,0.1672,0.1672,0.0,0.1413,0.1357
5618,medium,0.1681,0.1681,0.1301,0.0,0.0
905,medium,0.1734,0.0,0.1734,0.0795,0.1622
1725,medium,0.1772,0.0,0.0,0.0,0.1772
2886,medium,0.1772,0.1772,0.0,0.0,0.0
3915,medium,0.1772,0.0,0.0,0.1772,0.0
128,medium,0.1815,0.1357,0.1815,0.1357,0.1413
3780,medium,0.1815,0.1564,0.0,0.1815,0.0
577,medium,0.1846,0.0,0.0,0.0,0.1846
1606,medium,0.1846,0.1846,0.0,0.0,0.0
1545,medium,0.1922,0.0837,0.1922,0.185,0.1012
5461,medium,0.1934,0.1772,0.0,0.1934,0.0
721,medium,0.1952,0.1301,0.0,0.1952,0.0
1144,medium,0.2044,0.0,0.2044,0.1846,0.0
1410,medium,0.2044,0.2044,0.1846,0.0,0.0
1661,medium,0.2044,0.2044,0.0,0.0,0.0
4808,medium,0.2044,0.2044,0.0,0.0,0.0
2039,medium,0.2051,0.2051,0.1184,0.1931,0.1184
694,medium,0.2163,0.2163,0.1184,0.1184,0.0795
41,medium,0.2184,0.0,0.0,0.2184,0.0
1076,medium,0.2278,0.098,0.2278,0.1312,0.2152
4168,medium,0.2333,0.1312,0.2333,0.0,0.0
1340,medium,0.2337,0.2337,0.0,0.1357,0.0
502,medium,0.2346,0.2021,0.2346,0.2021,0.1357
1710,medium,0.2346,0.0,0.0,0.2346,0.0
2109,medium,0.2346,0.0,0.1357,0.2346,0.0
4155,medium,0.2346,0.1672,0.1672,0.2346,0.1357
4516,medium,0.2346,0.2346,0.0,0.0,0.0
5826,medium,0.2346,0.2346,0.0,0.0,0.0
3607,medium,0.2372,0.2184,0.2372,0.0,0.0
3825,medium,0.2372,0.2372,0.2372,0.2372,0.0
5713,medium,0.2407,0.0,0.2407,0.0,0.0
79,medium,0.2462,0.0636,0.0,0.2462,0.1635
521,medium,0.2529,0.2529,0.0,0.0,0.0
1296,medium,0.2529,0.2529,0.1089,0.1089,0.0798
5778,medium,0.2639,0.2639,0.2566,0.1391,0.0
776,medium,0.2641,0.0,0.2641,0.1846,0.0
2954,medium,0.2641,0.2641,0.2641,0.2641,0.1846
3186,medium,0.2641,0.2641,0.0,0.1772,0.0
3597,medium,0.2641,0.2184,0.2641,0.2641,0.1846
4733,medium,0.2641,0.2641,0.0,0.2184,0.0
1612,medium,0.2676,0.2669,0.2676,0.0,0.0
3254,medium,0.2742,0.1175,0.2742,0.1952,0.1301
4712,medium,0.2773,0.214,0.1461,0.2773,0.0
1374,medium,0.2861,0.1089,0.1265,0.2529,0.2861
1051,medium,0.2891,0.2891,0.0,0.0,0.0
3984,medium,0.2891,0.2891,0.0,0.0,0.0
4519,medium,0.2893,0.1815,0.2893,0.2769,0.0
4952,medium,0.2921,0.2921,0.0,0.0,0.0
730,medium,0.2961,0.2961,0.2346,0.2961,0.1357
3464,medium,0.2961,0.2961,0.1815,0.2961,0.148
3487,medium,0.2961,0.1413,0.0,0.2961,0.0
708,easy,0.301,0.0,0.0,0.301,0.0
869,easy,0.301,0.2891,0.0,0.0,0.301
3376,easy,0.301,0.0,0.0,0.0,0.301
984,easy,0.3026,0.3026,0.3026,0.3026,0.1909
1719,easy,0.3026,0.2816,0.3026,0.1513,0.0
2049,easy,0.3026,0.3026,0.1909,0.1513,0.0
622,easy,0.3066,0.0,0.3066,0.2641,0.0
1057,easy,0.3066,0.1934,0.3066,0.1772,0.0
1168,easy,0.3066,0.3066,0.3066,0.2372,0.1772
1468,easy,0.3066,0.3066,0.0,0.0,0.0
3390,easy,0.3066,0.3066,0.0,0.0,0.0
3694,easy,0.3066,0.1846,0.3066,0.2044,0.0
5647,easy,0.308,0.2312,0.308,0.3026,0.3026
237,easy,0.3152,0.3152,0.0,0.0,0.0
709,easy,0.3155,0.0,0.3155,0.0,0.0
1862,easy,0.3155,0.3155,0.0,0.0,0.0
3662,easy,0.3155,0.0,0.3155,0.0,0.0
1133,easy,0.3156,0.107,0.1461,0.3156,0.1461
3310,easy,0.3183,0.2463,0.3183,0.1232,0.0
4151,easy,0.3228,0.3228,0.1672,0.3045,0.0
76,easy,0.3333,0.3333,0.0,0.0,0.0
1172,easy,0.3333,0.301,0.0,0.0,0.3333
3095,easy,0.3333,0.0,0.3333,0.0,0.0
3817,easy,0.3333,0.0,0.3333,0.0,0.0
4678,easy,0.3392,0.3392,0.3392,0.0,0.0
4731,easy,0.3392,0.3392,0.1696,0.3392,0.1696
5973,easy,0.3392,0.214,0.3392,0.214,0.214
367,easy,0.3452,0.3452,0.3452,0.107,0.1312
1294,easy,0.3462,0.281,0.1391,0.281,0.3462
2233,easy,0.3543,0.1184,0.3543,0.198,0.0795
405,easy,0.3562,0.3562,0.0,0.0,0.0
5160,easy,0.3562,0.3333,0.0,0.0,0.3562
4417,easy,0.3585,0.3585,0.2961,0.1672,0.0
4311,easy,0.3601,0.3008,0.3392,0.3601,0.252
1088,easy,0.3665,0.3665,0.2562,0.2354,0.0827
4603,easy,0.3695,0.3695,0.1681,0.2692,0.308
5413,easy,0.3827,0.3827,0.2021,0.2961,0.2961
3616,easy,0.3836,0.3836,0.1672,0.0,0.0
4551,easy,0.3836,0.2346,0.0,0.3836,0.2961
993,easy,0.3854,0.3854,0.2692,0.151,0.0
746,easy,0.3869,0.3869,0.2184,0.0,0.0
1407,easy,0.3869,0.0,0.3869,0.0,0.0
1765,easy,0.3869,0.0,0.0,0.3869,0.3155
1839,easy,0.3869,0.3066,0.3869,0.2044,0.1846
1905,easy,0.3869,0.0,0.2184,0.3869,0.2372
1952,easy,0.3869,0.3066,0.2641,0.3869,0.2641
3345,easy,0.3869,0.3869,0.3869,0.2044,0.0
3373,easy,0.3869,0.3869,0.2641,0.2641,0.1934
3577,easy,0.3869,0.2891,0.3869,0.0,0.0
4032,easy,0.3869,0.0,0.3869,0.1846,0.0
4589,easy,0.3869,0.2044,0.1934,0.2372,0.3869
4599,easy,0.3869,0.3066,0.3869,0.2372,0.1934
5465,easy,0.3869,0.0,0.2891,0.3869,0.0
5820,easy,0.3869,0.2044,0.3066,0.3869,0.3869
423,easy,0.3904,0.3904,0.3904,0.3904,0.0
751,easy,0.3904,0.3904,0.3904,0.2463,0.1681
2906,easy,0.3904,0.3638,0.2463,0.3904,0.151
3153,easy,0.3904,0.3904,0.1681,0.3462,0.3904
3937,easy,0.3904,0.1681,0.1391,0.3904,0.3904
4288,easy,0.3904,0.0,0.1128,0.3904,0.3904
4344,easy,0.3904,0.0,0.0,0.1232,0.3904
5811,easy,0.3904,0.3904,0.2463,0.0,0.0
6133,easy,0.3904,0.3904,0.151,0.1681,0.151
3514,easy,0.3911,0.1564,0.1672,0.2961,0.3911
1693,easy,0.3933,0.3812,0.3933,0.1374,0.0
5715,easy,0.3956,0.3956,0.0,0.1772,0.0
4647,easy,0.3981,0.3981,0.3026,0.0955,0.0
1568,easy,0.3987,0.1265,0.1265,0.3987,0.3619
2138,easy,0.4001,0.4001,0.235,0.1175,0.0
894,easy,0.4007,0.3679,0.3223,0.4007,0.3024
1835,easy,0.4043,0.3904,0.0,0.4043,0.3904
2827,easy,0.4043,0.1301,0.4043,0.3904,0.3904
427,easy,0.4104,0.4104,0.1909,0.2684,0.3422
5349,easy,0.4132,0.3973,0.3695,0.4132,0.2407
1265,easy,0.4162,0.4162,0.2021,0.3759,0.3045
4435,easy,0.4162,0.4162,0.1413,0.338,0.0
1234,easy,0.4171,0.4171,0.273,0.3155,0.2906
736,easy,0.4202,0.0,0.0,0.4202,0.2463
5612,easy,0.4287,0.4287,0.3156,0.2278,0.0
642,easy,0.4307,0.0,0.4307,0.0,0.0
3969,easy,0.4307,0.4307,0.0,0.0,0.0
5017,easy,0.4307,0.3869,0.0,0.4307,0.301
5215,easy,0.4307,0.4307,0.3333,0.4307,0.4307
5751,easy,0.4307,0.3562,0.301,0.4307,0.3333
5757,easy,0.4307,0.3333,0.4307,0.3155,0.0
3427,easy,0.4317,0.2346,0.2346,0.4317,0.1672
845,easy,0.4317,0.2354,0.0901,0.3619,0.4317
5836,easy,0.4329,0.4329,0.3026,0.0,0.0
3535,easy,0.4348,0.4348,0.3416,0.3255,0.1493
2987,easy,0.4363,0.4247,0.4363,0.3188,0.1387
3558,easy,0.4363,0.4363,0.3188,0.3363,0.0
1697,easy,0.4365,0.4365,0.1461,0.3903,0.3392
4634,easy,0.4367,0.4367,0.2961,0.4018,0.3911
5358,easy,0.4372,0.2766,0.2826,0.4372,0.3392
1381,easy,0.439,0.439,0.0,0.1089,0.3987
3977,easy,0.4404,0.1063,0.0,0.4181,0.4404
1335,easy,0.4413,0.2641,0.3869,0.4413,0.0
2180,easy,0.4415,0.4415,0.4415,0.2463,0.1681
2932,easy,0.4415,0.4415,0.4144,0.3253,0.0
4217,easy,0.4416,0.0,0.2044,0.4416,0.0
205,easy,0.4441,0.1564,0.1564,0.338,0.4441
1994,easy,0.4441,0.4441,0.4162,0.2961,0.2961
4252,easy,0.4441,0.4441,0.2961,0.1672,0.0
4608,easy,0.4441,0.4441,0.2346,0.3759,0.1815
935,easy,0.4465,0.4465,0.395,0.4269,0.3619
5577,easy,0.4486,0.0,0.1934,0.4486,0.2184
3939,easy,0.449,0.3301,0.3719,0.4035,0.449
3217,easy,0.4493,0.4493,0.434,0.4251,0.214
781,easy,0.4508,0.4497,0.1662,0.4031,0.4508
6043,easy,0.4522,0.4522,0.3452,0.3161,0.214
1259,easy,0.4525,0.4525,0.2021,0.4367,0.2961
4713,easy,0.4525,0.4525,0.1672,0.2961,0.1564
4567,easy,0.4539,0.4539,0.4197,0.3901,0.3026
2978,easy,0.4556,0.2044,0.2641,0.4556,0.3066
3286,easy,0.46,0.46,0.4522,0.3348,0.1312
4574,easy,0.46,0.1131,0.2443,0.4462,0.46
1161,easy,0.4617,0.3526,0.2085,0.4617,0.3495
4381,easy,0.4632,0.3827,0.3434,0.4632,0.4162
5171,easy,0.4632,0.4632,0.3693,0.4317,0.0
3113,easy,0.4637,0.3906,0.1851,0.4637,0.343
4216,easy,0.4644,0.4644,0.2354,0.0979,0.0
3332,easy,0.467,0.3392,0.4522,0.467,0.4365
3767,easy,0.4679,0.446,0.4679,0.3445,0.0
98,easy,0.4693,0.4693,0.2961,0.2961,0.1815
131,easy,0.4693,0.4693,0.4693,0.4693,0.1672
178,easy,0.4693,0.4693,0.2961,0.4693,0.4693
297,easy,0.4693,0.4693,0.4693,0.1413,0.0
808,easy,0.4693,0.4693,0.4693,0.1413,0.0
1130,easy,0.4693,0.2961,0.2961,0.4693,0.4693
1242,easy,0.4693,0.4693,0.4693,0.4693,0.4693
1274,easy,0.4693,0.4693,0.2961,0.4693,0.0
1936,easy,0.4693,0.4693,0.4693,0.4693,0.2961
1956,easy,0.4693,0.4693,0.2021,0.1564,0.0
1974,easy,0.4693,0.4693,0.1672,0.1815,0.0
2835,easy,0.4693,0.4693,0.4693,0.1815,0.0
3696,easy,0.4693,0.4693,0.4693,0.2961,0.0
4779,easy,0.4693,0.2961,0.0,0.4693,0.0
5051,easy,0.4693,0.4525,0.2961,0.4693,0.4693
5437,easy,0.4693,0.4693,0.4693,0.2961,0.0
5482,easy,0.4693,0.4693,0.0,0.4367,0.1815
5706,easy,0.4693,0.4693,0.4632,0.0,0.0
4865,easy,0.4711,0.4711,0.3847,0.3088,0.0901
3708,easy,0.4716,0.4716,0.0,0.1357,0.0
614,easy,0.4776,0.4776,0.2021,0.2346,0.0
2153,easy,0.4776,0.4776,0.3501,0.3585,0.1413
1571,easy,0.4825,0.0,0.4825,0.4556,0.4228
298,easy,0.4846,0.4846,0.3134,0.326,0.0
5842,easy,0.4852,0.3392,0.4522,0.4522,0.4852
4046,easy,0.4857,0.4857,0.098,0.1696,0.2152
902,easy,0.486,0.486,0.0,0.0,0.0
5491,easy,0.487,0.487,0.1171,0.2474,0.2045
1911,easy,0.4886,0.4886,0.4663,0.1478,0.0
229,easy,0.4907,0.4851,0.4907,0.0731,0.0
389,easy,0.4909,0.4909,0.3422,0.1303,0.0911
1266,easy,0.4912,0.4912,0.2025,0.0784,0.0948
1649,easy,0.4915,0.4374,0.247,0.4449,0.4915
53,easy,0.4935,0.4104,0.4329,0.4935,0.3901
3570,easy,0.4935,0.4935,0.2179,0.3026,0.3026
5406,easy,0.4935,0.4935,0.4935,0.4329,0.2258
558,easy,0.5,0.5,0.0,0.0,0.0
679,easy,0.5,0.5,0.0,0.3155,0.5
782,easy,0.5,0.5,0.0,0.0,0.0
1455,easy,0.5,0.5,0.3869,0.0,0.0
2994,easy,0.5,0.3869,0.3562,0.5,0.3562
3539,easy,0.5,0.3562,0.5,0.3155,0.0
3800,easy,0.5,0.0,0.4307,0.5,0.301
4640,easy,0.5,0.5,0.301,0.0,0.0
5376,easy,0.5,0.0,0.5,0.5,0.5
4639,easy,0.5009,0.5009,0.4233,0.42,0.1693
2946,easy,0.5013,0.2641,0.5,0.5013,0.3707
2231,easy,0.5015,0.5015,0.3026,0.2424,0.0
3315,easy,0.5015,0.5015,0.4539,0.3692,0.3159
919,easy,0.5059,0.5059,0.3026,0.3981,0.3901
324,easy,0.5087,0.4852,0.4852,0.5087,0.4522
4059,easy,0.5087,0.3649,0.5087,0.3462,0.1208
4069,easy,0.5087,0.4852,0.5087,0.3462,0.098
1690,easy,0.5102,0.4099,0.0,0.4088,0.5102
6087,easy,0.5135,0.2742,0.4763,0.4934,0.5135
3090,easy,0.5176,0.5176,0.5015,0.4383,0.2784
58,easy,0.5205,0.5205,0.3638,0.5024,0.2901
494,easy,0.5205,0.1952,0.3904,0.5205,0.3904
2120,easy,0.5205,0.5079,0.3904,0.5205,0.151
3779,easy,0.5217,0.5217,0.3779,0.2633,0.3025
568,easy,0.525,0.5,0.3066,0.525,0.4228
2938,easy,0.5254,0.5254,0.3363,0.172,0.0909
910,easy,0.5274,0.151,0.1952,0.3904,0.5274
3489,easy,0.5294,0.5205,0.5294,0.1952,0.0
211,easy,0.5307,0.3585,0.5307,0.4982,0.148
4506,easy,0.5307,0.1672,0.148,0.5307,0.2021
4825,easy,0.5307,0.5307,0.3028,0.2346,0.0
5649,easy,0.5307,0.5307,0.4018,0.4693,0.2961
2189,easy,0.535,0.535,0.4483,0.1734,0.0979
3046,easy,0.5353,0.5353,0.359,0.2426,0.0
4986,easy,0.5357,0.5357,0.4462,0.5296,0.0
2216,easy,0.5414,0.5414,0.3904,0.0,0.0
5590,easy,0.5414,0.5414,0.3904,0.3764,0.3633
5976,easy,0.5414,0.4415,0.5414,0.5414,0.4144
5586,easy,0.5438,0.5438,0.2641,0.525,0.3066
6085,easy,0.5442,0.2531,0.5442,0.2333,0.2441
1570,easy,0.5454,0.5454,0.4121,0.1922,0.0
3424,easy,0.5455,0.5455,0.3815,0.5321,0.1834
4303,easy,0.55,0.3212,0.55,0.4539,0.308
2210,easy,0.5509,0.4197,0.4329,0.5509,0.1513
1574,easy,0.5531,0.5531,0.4852,0.4413,0.1208
3060,easy,0.5531,0.5531,0.2904,0.4413,0.214
3423,easy,0.5531,0.3836,0.5531,0.4372,0.4413
3532,easy,0.5531,0.5531,0.4462,0.1696,0.0
478,easy,0.5553,0.5553,0.4146,0.4363,0.1747
4876,easy,0.5585,0.5585,0.4591,0.2304,0.0
4960,easy,0.5585,0.5585,0.3695,0.4144,0.308
5074,easy,0.5585,0.4415,0.1681,0.5585,0.5024
3976,easy,0.5591,0.4886,0.5591,0.4459,0.0663
5059,easy,0.5592,0.5148,0.467,0.5592,0.214
779,easy,0.5642,0.5642,0.3585,0.3827,0.1815
2256,easy,0.5654,0.5585,0.5654,0.1952,0.0
5007,easy,0.5654,0.3904,0.5414,0.5535,0.5654
1978,easy,0.5668,0.4808,0.151,0.5668,0.4485
1031,easy,0.5683,0.5683,0.4541,0.1883,0.0
1203,easy,0.5706,0.5706,0.3869,0.3869,0.3869
6116,easy,0.573,0.4809,0.321,0.573,0.3799
1145,easy,0.5757,0.5757,0.4923,0.2618,0.0
1223,easy,0.5767,0.5767,0.3149,0.2298,0.0784
309,easy,0.5779,0.2685,0.0,0.3777,0.5779
2001,easy,0.5789,0.5439,0.4279,0.5789,0.0
1287,easy,0.5822,0.3833,0.4671,0.5822,0.5162
879,easy,0.5824,0.3704,0.3197,0.5824,0.3508
3296,easy,0.5833,0.3392,0.5833,0.1461,0.0
867,easy,0.5846,0.5846,0.4104,0.2591,0.1009
5236,easy,0.5848,0.5848,0.3827,0.1815,0.0
5283,easy,0.5854,0.4846,0.4363,0.5854,0.2946
3884,easy,0.5856,0.5856,0.5294,0.2463,0.0
5652,easy,0.5882,0.4982,0.5193,0.5882,0.2961
121,easy,0.5885,0.5885,0.0948,0.307,0.1389
971,easy,0.5912,0.5912,0.3869,0.3066,0.2372
3204,easy,0.5925,0.5218,0.3813,0.5925,0.2932
3511,easy,0.5925,0.4853,0.5024,0.5925,0.4428
5117,easy,0.5987,0.5987,0.3981,0.4935,0.5113
167,easy,0.6049,0.4693,0.6049,0.4693,0.2961
841,easy,0.6049,0.6049,0.4693,0.148,0.0
3591,easy,0.6049,0.4693,0.6049,0.1815,0.0
1769,easy,0.6066,0.6066,0.4459,0.3958,0.0979
6005,easy,0.6096,0.5856,0.6096,0.6096,0.5856
2308,easy,0.6105,0.4693,0.6105,0.2346,0.1564
5175,easy,0.6105,0.6105,0.2346,0.1564,0.2021
1478,easy,0.6106,0.6106,0.5846,0.4935,0.3422
3223,easy,0.6106,0.6106,0.1078,0.1513,0.0
486,easy,0.6108,0.6108,0.321,0.5044,0.4582
3,easy,0.6131,0.3066,0.3869,0.6131,0.6131
30,easy,0.6131,0.3066,0.3066,0.6131,0.3066
369,easy,0.6131,0.6131,0.6131,0.3869,0.3869
821,easy,0.6131,0.6131,0.6131,0.6131,0.0
913,easy,0.6131,0.3869,0.3066,0.6131,0.2184
955,easy,0.6131,0.3066,0.3066,0.6131,0.2184
1198,easy,0.6131,0.6131,0.3066,0.2184,0.1772
1251,easy,0.6131,0.4118,0.6131,0.6131,0.3066
1367,easy,0.6131,0.6131,0.6131,0.1934,0.0
1493,easy,0.6131,0.6131,0.6131,0.6131,0.3869
2087,easy,0.6131,0.3869,0.6131,0.3066,0.0
2177,easy,0.6131,0.6131,0.6131,0.6131,0.6131
2225,easy,0.6131,0.3869,0.6131,0.6131,0.3066
2842,easy,0.6131,0.6131,0.6131,0.6131,0.6131
3071,easy,0.6131,0.6131,0.1934,0.0,0.0
3110,easy,0.6131,0.6131,0.3869,0.3869,0.2372
3146,easy,0.6131,0.6131,0.3869,0.0,0.0
3161,easy,0.6131,0.6131,0.6131,0.3066,0.0
3536,easy,0.6131,0.6131,0.6131,0.6131,0.6131
3964,easy,0.6131,0.6131,0.6131,0.6131,0.6131
3970,easy,0.6131,0.6053,0.6131,0.3869,0.3869
4031,easy,0.6131,0.3869,0.3869,0.6131,0.6131
4181,easy,0.6131,0.6131,0.6131,0.0,0.0
4315,easy,0.6131,0.6131,0.3869,0.2372,0.0
4478,easy,0.6131,0.6131,0.2641,0.0,0.1772
4517,easy,0.6131,0.6131,0.6131,0.3869,0.3869
4746,easy,0.6131,0.0,0.0,0.3066,0.6131
4888,easy,0.6131,0.6131,0.6131,0.5641,0.6131
4977,easy,0.6131,0.6131,0.6131,0.6131,0.3978
5084,easy,0.6131,0.2044,0.1846,0.6131,0.0
5270,easy,0.6131,0.6131,0.6131,0.3869,0.0
5410,easy,0.6131,0.3066,0.2372,0.6131,0.6131
6033,easy,0.6131,0.6131,0.3066,0.3869,0.3066
3942,easy,0.6151,0.4134,0.435,0.5862,0.6151
1141,easy,0.6173,0.6173,0.469,0.2201,0.0948
1038,easy,0.6173,0.6173,0.4693,0.4693,0.4693
2204,easy,0.6189,0.6189,0.6183,0.2346,0.148
2027,easy,0.6197,0.5582,0.4367,0.6197,0.1672
6115,easy,0.6207,0.5414,0.3695,0.6207,0.151
429,easy,0.6238,0.6106,0.5944,0.6238,0.3987
1854,easy,0.6241,0.6241,0.6131,0.6131,0.3066
3666,easy,0.6241,0.3869,0.6241,0.6131,0.6131
4186,easy,0.6257,0.6257,0.4693,0.1672,0.0
5616,easy,0.6266,0.6266,0.4951,0.48,0.4492
904,easy,0.6291,0.6291,0.5674,0.4171,0.199
3684,easy,0.6293,0.6293,0.5275,0.2918,0.0
4198,easy,0.6296,0.5531,0.6296,0.5087,0.4522
150,easy,0.6309,0.3155,0.6309,0.6309,0.3155
673,easy,0.6309,0.0,0.6309,0.2891,0.0
1024,easy,0.6309,0.5,0.6309,0.3562,0.0
1091,easy,0.6309,0.6309,0.3869,0.6309,0.5
1232,easy,0.6309,0.6309,0.3869,0.5,0.5
1411,easy,0.6309,0.6309,0.5,0.5,0.5
1731,easy,0.6309,0.6309,0.4307,0.4307,0.5
1810,easy,0.6309,0.301,0.4307,0.6309,0.2891
1819,easy,0.6309,0.6309,0.4307,0.6309,0.6309
2080,easy,0.6309,0.5,0.6309,0.4307,0.301
2105,easy,0.6309,0.6309,0.6309,0.0,0.0
2117,easy,0.6309,0.0,0.0,0.301,0.6309
2148,easy,0.6309,0.6309,0.6309,0.3155,0.0
2781,easy,0.6309,0.6309,0.6309,0.6309,0.3333
2798,easy,0.6309,0.6309,0.3155,0.0,0.0
3042,easy,0.6309,0.5,0.5,0.6309,0.4307
3468,easy,0.6309,0.0,0.3155,0.6309,0.5
3766,easy,0.6309,0.6309,0.0,0.0,0.0
3930,easy,0.6309,0.6309,0.3333,0.3562,0.0
4362,easy,0.6309,0.6309,0.6309,0.6309,0.6309
4393,easy,0.6309,0.6309,0.3155,0.6309,0.0
4650,easy,0.6309,0.6309,0.4307,0.0,0.0
4799,easy,0.6309,0.6309,0.3155,0.4307,0.0
4840,easy,0.6309,0.6309,0.6309,0.5,0.3562
4985,easy,0.6309,0.5,0.0,0.3333,0.6309
5714,easy,0.6309,0.6309,0.5,0.5,0.4307
5965,easy,0.6309,0.6309,0.4307,0.4307,0.3562
293,easy,0.6315,0.5791,0.5422,0.5291,0.6315
3045,easy,0.6363,0.6363,0.4846,0.3833,0.235
3440,easy,0.6364,0.6364,0.4693,0.1815,0.2961
3695,easy,0.6364,0.4693,0.4693,0.4693,0.6364
2254,easy,0.6366,0.6366,0.3156,0.1131,0.0
455,easy,0.6367,0.5856,0.6367,0.1391,0.0
3761,easy,0.6367,0.6367,0.6367,0.6367,0.5856
4221,easy,0.6367,0.432,0.3633,0.6367,0.6367
4663,easy,0.6367,0.5925,0.6367,0.5294,0.3462
4700,easy,0.6367,0.6367,0.5079,0.3638,0.2463
5278,easy,0.6399,0.6399,0.6296,0.6296,0.606
5948,easy,0.6399,0.6399,0.5531,0.4522,0.1696
4145,easy,0.6405,0.6405,0.6213,0.5896,0.6149
712,easy,0.6454,0.6454,0.5245,0.2082,0.0875
1984,easy,0.6504,0.6504,0.6504,0.6427,0.6218
3119,easy,0.6508,0.6508,0.4693,0.3236,0.1672
4487,easy,0.6508,0.6508,0.4632,0.2961,0.1357
5348,easy,0.6508,0.4693,0.6173,0.6508,0.4693
785,easy,0.6509,0.6131,0.6509,0.511,0.0
3182,easy,0.6509,0.6509,0.3869,0.0,0.0
4176,easy,0.6509,0.6509,0.0,0.0,0.0
5178,easy,0.6509,0.2641,0.5013,0.6509,0.2641
5870,easy,0.6509,0.6131,0.3869,0.6509,0.0
4536,easy,0.6542,0.6542,0.5032,0.3904,0.2463
1443,easy,0.6546,0.6183,0.3693,0.578,0.6546
4593,easy,0.6552,0.6552,0.5531,0.4287,0.098
5172,easy,0.6589,0.6589,0.3904,0.3695,0.1175
3620,easy,0.6595,0.5135,0.2463,0.6595,0.5205
3892,easy,0.6601,0.6601,0.6512,0.3156,0.0
5438,easy,0.6601,0.6601,0.3392,0.4216,0.0
203,easy,0.6646,0.3904,0.3904,0.6646,0.5205
1846,easy,0.6646,0.6646,0.3973,0.3638,0.2463
4106,easy,0.6662,0.6662,0.4704,0.4522,0.1696
3843,easy,0.6664,0.6664,0.4441,0.4693,0.1357
5241,easy,0.6685,0.6685,0.6685,0.0,0.0
4701,easy,0.6691,0.4048,0.535,0.5307,0.6691
254,easy,0.6714,0.5307,0.5307,0.6714,0.0
2154,easy,0.6714,0.3228,0.4693,0.5989,0.6714
1663,easy,0.6728,0.6728,0.6029,0.5378,0.3363
1561,easy,0.673,0.4483,0.5399,0.673,0.3897
3065,easy,0.673,0.5877,0.4955,0.673,0.5161
1069,easy,0.674,0.674,0.6552,0.3392,0.1696
1853,easy,0.674,0.674,0.6548,0.4462,0.107
5874,easy,0.674,0.674,0.5912,0.5087,0.1461
1680,easy,0.6805,0.5079,0.6805,0.5543,0.1301
3472,easy,0.6805,0.4485,0.6805,0.5414,0.3904
1328,easy,0.6819,0.6448,0.6013,0.4935,0.6819
4613,easy,0.683,0.2463,0.4644,0.5274,0.683
899,easy,0.6855,0.6855,0.4539,0.571,0.1009
3089,easy,0.6886,0.3904,0.5585,0.6886,0.5135
5195,easy,0.6921,0.2611,0.5857,0.6725,0.6921
2035,easy,0.6924,0.6336,0.6924,0.4851,0.1641
1084,easy,0.6934,0.6934,0.6509,0.1846,0.0
4485,easy,0.6934,0.6934,0.511,0.5706,0.511
5391,easy,0.6934,0.6934,0.6241,0.3978,0.0
5818,easy,0.6934,0.6934,0.6241,0.1934,0.0
5284,easy,0.6962,0.4616,0.6962,0.6379,0.3282
1124,easy,0.6976,0.6976,0.3764,0.5856,0.6367
2795,easy,0.6992,0.6548,0.6992,0.4704,0.252
5947,easy,0.6992,0.6992,0.6174,0.5873,0.3392
5288,easy,0.7031,0.7031,0.5205,0.5032,0.2463
1210,easy,0.7039,0.4162,0.4776,0.7039,0.2021
1718,easy,0.7039,0.7039,0.7039,0.4776,0.0
1874,easy,0.7039,0.4693,0.7039,0.4693,0.4693
4520,easy,0.7039,0.4776,0.5307,0.7039,0.5307
5682,easy,0.7039,0.3827,0.4693,0.7039,0.4018
2897,easy,0.7041,0.1931,0.5667,0.6685,0.7041
2961,easy,0.7041,0.7041,0.5828,0.3665,0.2749
1912,easy,0.7052,0.6877,0.7052,0.7031,0.6121
2409,easy,0.7082,0.7082,0.3353,0.2918,0.1184
4227,easy,0.7095,0.6367,0.7095,0.3904,0.1681
1322,easy,0.7157,0.7157,0.5039,0.3079,0.0
5009,easy,0.7157,0.5376,0.7157,0.7095,0.5585
4893,easy,0.7193,0.6753,0.7193,0.6448,0.1953
1713,easy,0.7223,0.573,0.6204,0.7223,0.5232
1342,easy,0.7227,0.7227,0.6992,0.4852,0.3392
3139,easy,0.7227,0.7227,0.6218,0.5531,0.5087
4929,easy,0.7227,0.7227,0.6992,0.3836,0.214
1857,easy,0.7246,0.7246,0.6367,0.5585,0.3904
4500,easy,0.7246,0.7246,0.6984,0.5446,0.2519
3450,easy,0.7267,0.6871,0.7267,0.6127,0.4149
1648,easy,0.728,0.728,0.6159,0.3495,0.2188
4690,easy,0.7323,0.7323,0.6448,0.1513,0.0911
5245,easy,0.7366,0.7366,0.1175,0.5155,0.2742
5732,easy,0.737,0.737,0.6572,0.56,0.2591
3227,easy,0.7408,0.7408,0.5792,0.4121,0.1651
3911,easy,0.7426,0.3452,0.7426,0.7347,0.205
2215,easy,0.7426,0.7426,0.6548,0.7426,0.1461
1966,easy,0.7458,0.5663,0.3839,0.7458,0.6013
5380,easy,0.7462,0.6257,0.4693,0.7462,0.7328
4141,easy,0.7469,0.6822,0.5563,0.738,0.7469
3830,easy,0.7526,0.7526,0.589,0.308,0.0
170,easy,0.7533,0.7533,0.6068,0.6601,0.1208
111,easy,0.7537,0.7328,0.3764,0.7537,0.2463
1252,easy,0.7537,0.3904,0.6976,0.7537,0.5032
2059,easy,0.7542,0.5376,0.5319,0.7542,0.5079
2797,easy,0.7542,0.5079,0.0,0.5856,0.7542
4526,easy,0.7606,0.6437,0.4694,0.7606,0.0
163,easy,0.7654,0.7654,0.7654,0.7654,0.4632
698,easy,0.7654,0.4982,0.7039,0.7654,0.0
778,easy,0.7654,0.7654,0.7039,0.6508,0.1564
1006,easy,0.7654,0.7654,0.7654,0.3152,0.0
1236,easy,0.7654,0.6714,0.7654,0.7039,0.4525
1519,easy,0.7654,0.7654,0.7654,0.7039,0.4693
1752,easy,0.7654,0.2346,0.1815,0.7654,0.1564
3600,easy,0.7654,0.7654,0.7654,0.3487,0.2837
3788,easy,0.7654,0.4367,0.7654,0.4162,0.0
3861,easy,0.7654,0.7654,0.7654,0.3827,0.0
3865,easy,0.7654,0.7654,0.6508,0.6364,0.3378
4421,easy,0.7654,0.7654,0.7654,0.338,0.0
4446,easy,0.7654,0.3693,0.1815,0.7039,0.7654
4925,easy,0.7654,0.7654,0.4982,0.1357,0.0
5801,easy,0.7654,0.7654,0.7039,0.6105,0.2021
5971,easy,0.7654,0.7654,0.4693,0.1672,0.1672
1272,easy,0.7668,0.7598,0.7668,0.7668,0.6367
4679,easy,0.7668,0.7246,0.6934,0.7668,0.6367
4798,easy,0.7668,0.5856,0.7668,0.71,0.0
4232,easy,0.7709,0.7709,0.5102,0.733,0.1662
3158,easy,0.7737,0.7039,0.7737,0.3487,0.1413
3241,easy,0.7751,0.7247,0.6368,0.7751,0.5205
1517,easy,0.7753,0.7753,0.7748,0.571,0.3118
1227,easy,0.7757,0.7757,0.2742,0.5085,0.6886
3084,easy,0.7757,0.7542,0.7757,0.6367,0.5856
4824,easy,0.7757,0.7757,0.6367,0.3072,0.0
5210,easy,0.7757,0.7757,0.5856,0.5856,0.3904
316,easy,0.7761,0.7761,0.4469,0.606,0.573
1605,easy,0.7796,0.7796,0.5252,0.2684,0.0911
1499,easy,0.7827,0.7827,0.3973,0.7095,0.7246
156,easy,0.7837,0.7837,0.5981,0.1744,0.0
5347,easy,0.787,0.787,0.3601,0.312,0.0
2054,easy,0.7889,0.7889,0.3904,0.151,0.1128
320,easy,0.79,0.6223,0.4604,0.79,0.7361
480,easy,0.7904,0.7904,0.6131,0.0,0.0
4940,easy,0.7947,0.7947,0.3904,0.0,0.0
5861,easy,0.7972,0.7972,0.4239,0.4282,0.5785
3122,easy,0.7977,0.2184,0.2641,0.7977,0.6131
4401,easy,0.7977,0.7977,0.6131,0.3869,0.1934
5528,easy,0.7977,0.7977,0.3066,0.2641,0.2184
5749,easy,0.801,0.7031,0.6705,0.801,0.5803
1636,easy,0.802,0.7753,0.802,0.79,0.2042
1496,easy,0.8048,0.2463,0.5148,0.8048,0.4144
1935,easy,0.8048,0.7757,0.7757,0.8048,0.7537
2259,easy,0.8048,0.8048,0.7366,0.5155,0.2463
3038,easy,0.8048,0.7095,0.8048,0.5856,0.151
4503,easy,0.8048,0.8048,0.6367,0.7877,0.8036
659,easy,0.8052,0.6711,0.3601,0.8052,0.46
1472,easy,0.8066,0.8066,0.6131,0.3869,0.2184
2871,easy,0.8066,0.8066,0.7904,0.8066,0.3869
3887,easy,0.8066,0.6131,0.6131,0.6131,0.8066
611,easy,0.8072,0.753,0.4693,0.8072,0.7737
2619,easy,0.8127,0.4693,0.8127,0.1815,0.0
3483,easy,0.8175,0.8175,0.6131,0.1846,0.0
5595,easy,0.8175,0.8175,0.525,0.0,0.0
319,easy,0.8191,0.8191,0.6701,0.6021,0.2974
3214,easy,0.8194,0.8194,0.7039,0.0,0.0
5998,easy,0.8194,0.6508,0.6189,0.8194,0.7654
5333,easy,0.82,0.5296,0.8052,0.82,0.3392
3365,easy,0.827,0.1952,0.236,0.6817,0.827
5106,easy,0.8297,0.8297,0.7227,0.7973,0.4731
4677,easy,0.8314,0.8314,0.6717,0.6106,0.2684
701,easy,0.8316,0.511,0.2641,0.8316,0.403
706,easy,0.8316,0.8316,0.6131,0.6131,0.3869
1909,easy,0.8316,0.6131,0.8316,0.6241,0.4228
2159,easy,0.8316,0.6131,0.8316,0.4416,0.1846
3809,easy,0.8316,0.8316,0.2044,0.3066,0.3066
5367,easy,0.8316,0.8175,0.8316,0.8316,0.6241
5370,easy,0.8316,0.8316,0.6241,0.4556,0.2044
5730,easy,0.8316,0.4413,0.511,0.6509,0.8316
896,easy,0.8319,0.8319,0.5585,0.3904,0.1391
2963,easy,0.8319,0.8319,0.7537,0.8319,0.1952
3180,easy,0.8319,0.8319,0.8048,0.5414,0.0
3276,easy,0.8319,0.8048,0.8319,0.8319,0.7668
4015,easy,0.8319,0.6367,0.6367,0.6367,0.8319
4058,easy,0.8319,0.7668,0.8048,0.8319,0.8319
5109,easy,0.8319,0.5446,0.8319,0.8319,0.5032
5327,easy,0.8319,0.7537,0.8319,0.0,0.0
5108,easy,0.8332,0.8332,0.5414,0.3695,0.3973
4648,easy,0.8359,0.8359,0.3875,0.4851,0.0
5309,easy,0.8388,0.7757,0.8388,0.4415,0.6367
4057,easy,0.8435,0.8435,0.4216,0.573,0.1461
4982,easy,0.8435,0.8435,0.8435,0.753,0.3348
1793,easy,0.8452,0.8452,0.4693,0.4373,0.0
2010,easy,0.8452,0.8452,0.4693,0.3759,0.2921
176,easy,0.8496,0.8496,0.8062,0.4816,0.0
169,easy,0.8503,0.6053,0.6509,0.8503,0.8503
172,easy,0.8503,0.8503,0.6131,0.6131,0.6131
1764,easy,0.8503,0.6934,0.8503,0.8503,0.7904
2136,easy,0.8503,0.6131,0.3869,0.6131,0.8503
3578,easy,0.8503,0.8503,0.6934,0.6131,0.2372
4745,easy,0.8503,0.8503,0.8503,0.4416,0.0
5610,easy,0.8503,0.6131,0.6131,0.8503,0.8503
4883,easy,0.852,0.8194,0.852,0.7654,0.4632
3828,easy,0.8529,0.6714,0.8529,0.6338,0.4441
5189,easy,0.853,0.853,0.7537,0.6238,0.3422
2816,easy,0.8539,0.82,0.8539,0.7227,0.4372
4805,easy,0.8539,0.8539,0.5983,0.7528,0.4906
5875,easy,0.8539,0.8208,0.8539,0.8304,0.5548
3747,easy,0.8548,0.8548,0.4996,0.1391,0.0
555,easy,0.8573,0.8573,0.8091,0.8058,0.6765
1534,easy,0.8628,0.8628,0.7751,0.7751,0.7184
3016,easy,0.8628,0.8628,0.5407,0.2816,0.1866
226,easy,0.8688,0.8688,0.8688,0.8304,0.3501
3459,easy,0.8688,0.6504,0.6296,0.8688,0.742
1239,easy,0.8701,0.343,0.5885,0.8701,0.6217
3075,easy,0.8736,0.8736,0.6494,0.6329,0.3625
5885,easy,0.8756,0.8756,0.6367,0.4485,0.0
364,easy,0.876,0.876,0.7619,0.8626,0.7751
1053,easy,0.8772,0.8772,0.8066,0.8066,0.7904
2428,easy,0.8772,0.8772,0.6131,0.8772,0.5438
3366,easy,0.8772,0.8772,0.8066,0.4838,0.0
4324,easy,0.8772,0.8772,0.8772,0.6131,0.6131
4359,easy,0.8772,0.8772,0.6131,0.1934,0.0
4852,easy,0.8772,0.8772,0.8503,0.5912,0.4218
4991,easy,0.8772,0.6934,0.8772,0.0,0.0
5253,easy,0.8772,0.8772,0.8316,0.8316,0.5803
5503,easy,0.8772,0.8772,0.6934,0.8772,0.0
3992,easy,0.8829,0.7203,0.8829,0.8494,0.3762
3821,easy,0.8855,0.8855,0.8711,0.7721,0.4693
5152,easy,0.8855,0.8855,0.7039,0.8711,0.8194
5731,easy,0.8855,0.2021,0.4693,0.7721,0.8855
2996,easy,0.8888,0.8888,0.4819,0.8736,0.8626
4537,easy,0.8989,0.8989,0.8989,0.1232,0.0
108,easy,0.9021,0.9021,0.8531,0.6966,0.5745
859,easy,0.9066,0.9066,0.4693,0.4693,0.1564
4797,easy,0.9066,0.9066,0.7039,0.8396,0.5574
1032,easy,0.9134,0.906,0.7654,0.9134,0.5391
1750,easy,0.9134,0.9134,0.6364,0.7654,0.4367
3651,easy,0.9134,0.9134,0.7654,0.4162,0.0
4449,easy,0.9134,0.9134,0.8603,0.6257,0.1672
6110,easy,0.9177,0.6984,0.6805,0.9177,0.5102
21,easy,0.9197,0.0,0.378,0.9197,0.6053
868,easy,0.9197,0.9197,0.4685,0.5438,0.5706
1082,easy,0.9197,0.6934,0.6934,0.9197,0.0
1513,easy,0.9197,0.8772,0.9197,0.8503,0.525
1600,easy,0.9197,0.9197,0.9197,0.6509,0.4413
1626,easy,0.9197,0.6131,0.9197,0.6131,0.0
2228,easy,0.9197,0.4416,0.9197,0.2044,0.0
2815,easy,0.9197,0.6131,0.9197,0.6131,0.6131
2919,easy,0.9197,0.9197,0.8316,0.9197,0.8772
3055,easy,0.9197,0.9197,0.6131,0.3869,0.0
3537,easy,0.9197,0.9197,0.6934,0.0,0.0
3741,easy,0.9197,0.5013,0.6131,0.9197,0.8772
3818,easy,0.9197,0.3869,0.6053,0.6934,0.9197
4922,easy,0.9197,0.9197,0.9197,0.5706,0.0
5557,easy,0.9197,0.6131,0.6131,0.9197,0.8772
5605,easy,0.9197,0.9197,0.3066,0.6131,0.3869
5675,easy,0.9197,0.9197,0.6131,0.6131,0.6131
5717,easy,0.9197,0.8503,0.9197,0.8772,0.511
4889,easy,0.9218,0.9218,0.7654,0.8711,0.8711
5366,easy,0.9218,0.9218,0.8278,0.3827,0.0
4467,easy,0.9223,0.9223,0.5585,0.7031,0.3695
5980,easy,0.9223,0.9223,0.676,0.8277,0.151
3615,easy,0.9224,0.8459,0.9224,0.8981,0.5472
11,easy,0.9325,0.9325,0.3236,0.6189,0.8278
773,easy,0.9325,0.9325,0.7654,0.6364,0.2961
3193,easy,0.9325,0.9325,0.4982,0.0,0.0
4177,easy,0.9325,0.9066,0.9325,0.4018,0.1357
539,easy,0.9469,0.9469,0.7123,0.4982,0.2961
1858,easy,0.9469,0.9469,0.6714,0.5882,0.2961
2234,easy,0.9469,0.9469,0.6105,0.8385,0.1564
3212,easy,0.9469,0.9469,0.7654,0.4367,0.0
3598,easy,0.9469,0.9469,0.7654,0.6714,0.2021
5000,easy,0.9469,0.901,0.9469,0.2961,0.2021
6063,easy,0.9469,0.9469,0.9469,0.7654,0.6714
5686,easy,0.9494,0.9494,0.7328,0.8597,0.6367
3926,easy,0.952,0.952,0.6114,0.5267,0.674
3421,easy,0.955,0.3904,0.1952,0.5414,0.955
575,easy,0.9558,0.9439,0.89,0.9558,0.5856
911,easy,0.9558,0.9558,0.4415,0.7668,0.5205
6021,easy,0.9617,0.8535,0.9617,0.7316,0.5842
946,easy,0.9675,0.9675,0.9675,0.9675,0.8603
3191,easy,0.9675,0.9469,0.9675,0.8072,0.2021
3258,easy,0.9675,0.9675,0.906,0.7737,0.2961
3565,easy,0.9675,0.9675,0.9469,0.4525,0.0
3594,easy,0.9675,0.9675,0.7845,0.8396,0.7039
4695,easy,0.9675,0.9675,0.7654,0.7654,0.4162
5044,easy,0.9675,0.9675,0.9469,0.7654,0.1564
1128,easy,0.9709,0.9709,0.8712,0.8421,0.3854
2965,easy,0.9709,0.9709,0.6976,0.8048,0.4041
1404,easy,0.9758,0.6317,0.6608,0.9758,0.5531
1910,easy,0.9815,0.9815,0.3728,0.615,0.327
4318,easy,0.9829,0.9829,0.7095,0.962,0.6367
5858,easy,0.9829,0.6589,0.7095,0.9829,0.6886
5510,easy,0.9931,0.8418,0.9877,0.9931,0.9538
3175,easy,0.9938,0.9938,0.8551,0.7608,0.3183
4,easy,1.0,1.0,1.0,1.0,1.0
17,easy,1.0,0.8772,0.8503,1.0,0.6934
34,easy,1.0,0.5,0.5,1.0,0.3869
55,easy,1.0,0.5,1.0,0.2891,0.0
60,easy,1.0,1.0,1.0,0.5,0.3155
78,easy,1.0,1.0,0.7227,0.46,0.3392
95,easy,1.0,1.0,0.6309,0.4307,0.0
149,easy,1.0,1.0,1.0,0.3296,0.0
204,easy,1.0,1.0,1.0,0.3333,0.0
220,easy,1.0,1.0,0.0,0.5,0.0
310,easy,1.0,1.0,1.0,0.6309,0.2891
346,easy,1.0,1.0,1.0,0.2891,0.0
409,easy,1.0,1.0,1.0,0.8503,0.5
466,easy,1.0,1.0,1.0,1.0,0.3869
467,easy,1.0,0.0,0.0,0.5,1.0
567,easy,1.0,1.0,0.6309,0.6309,0.3333
571,easy,1.0,1.0,1.0,1.0,1.0
628,easy,1.0,1.0,1.0,0.5,0.0
633,easy,1.0,1.0,1.0,1.0,1.0
652,easy,1.0,1.0,0.3562,0.0,0.0
662,easy,1.0,1.0,1.0,1.0,1.0
672,easy,1.0,1.0,0.2641,0.3066,0.0
675,easy,1.0,1.0,1.0,0.8772,0.8316
676,easy,1.0,0.5,1.0,1.0,0.5
700,easy,1.0,1.0,0.6309,0.3155,0.0
713,easy,1.0,1.0,1.0,0.4307,0.0
724,easy,1.0,0.3869,1.0,0.8772,0.525
731,easy,1.0,1.0,0.6309,1.0,1.0
734,easy,1.0,1.0,1.0,1.0,0.4307
741,easy,1.0,1.0,0.6309,1.0,1.0
816,easy,1.0,1.0,1.0,0.3562,0.0
830,easy,1.0,1.0,0.6934,0.6131,0.6131
849,easy,1.0,1.0,0.6509,0.6509,0.6053
881,easy,1.0,1.0,1.0,0.0,0.0
909,easy,1.0,1.0,0.8503,0.0,0.0
992,easy,1.0,1.0,1.0,1.0,1.0
1041,easy,1.0,0.6309,0.5,0.6309,1.0
1064,easy,1.0,1.0,1.0,1.0,1.0
1065,easy,1.0,0.3333,0.0,0.3869,1.0
1112,easy,1.0,1.0,1.0,1.0,0.5
1116,easy,1.0,1.0,1.0,0.6309,0.0
1117,easy,1.0,1.0,1.0,0.6309,0.2891
1158,easy,1.0,1.0,0.5,0.4307,0.0
1167,easy,1.0,0.6309,1.0,1.0,0.3869
1202,easy,1.0,0.0,0.0,0.6131,1.0
1244,easy,1.0,1.0,1.0,0.5,0.3155
1278,easy,1.0,0.6131,1.0,0.6934,0.0
1327,easy,1.0,0.9197,0.8772,1.0,0.9197
1380,easy,1.0,0.9325,1.0,0.9675,0.7654
1396,easy,1.0,1.0,1.0,1.0,0.8772
1401,easy,1.0,0.6309,0.0,1.0,0.6309
1402,easy,1.0,0.7977,1.0,1.0,0.8066
1403,easy,1.0,0.6309,0.6309,1.0,0.0
1414,easy,1.0,1.0,0.8772,0.6509,0.1934
1450,easy,1.0,1.0,1.0,1.0,0.6309
1477,easy,1.0,1.0,1.0,1.0,1.0
1554,easy,1.0,1.0,1.0,0.6131,0.6131
1594,easy,1.0,1.0,0.7039,0.3501,0.0
1607,easy,1.0,1.0,0.5518,0.5249,0.3911
1622,easy,1.0,1.0,0.6309,1.0,1.0
1625,easy,1.0,1.0,0.6309,0.301,0.0
1683,easy,1.0,0.9675,1.0,0.4317,0.0
1747,easy,1.0,1.0,1.0,1.0,0.6309
1770,easy,1.0,1.0,1.0,0.0,0.0
1771,easy,1.0,1.0,1.0,0.4416,0.0
1781,easy,1.0,1.0,1.0,1.0,1.0
1795,easy,1.0,1.0,1.0,0.6934,0.1772
1806,easy,1.0,1.0,1.0,1.0,0.5
1837,easy,1.0,1.0,1.0,1.0,1.0
1913,easy,1.0,0.5706,0.0,0.9197,1.0
1928,easy,1.0,0.7977,0.0,1.0,0.3869
1954,easy,1.0,1.0,0.0,0.0,0.0
1986,easy,1.0,0.3562,0.0,0.0,1.0
1998,easy,1.0,1.0,0.8772,0.8316,0.6131
2077,easy,1.0,1.0,1.0,0.8772,0.1772
2079,easy,1.0,0.6309,1.0,1.0,1.0
2101,easy,1.0,0.8503,1.0,0.9197,0.7904
2126,easy,1.0,1.0,1.0,1.0,0.6309
2140,easy,1.0,1.0,1.0,0.6309,0.3869
2161,easy,1.0,1.0,1.0,1.0,1.0
2171,easy,1.0,1.0,0.6257,0.8385,0.6183
2188,easy,1.0,1.0,1.0,1.0,0.8503
2250,easy,1.0,0.6309,0.4307,1.0,0.0
2260,easy,1.0,1.0,1.0,1.0,1.0
2261,easy,1.0,1.0,1.0,0.4307,0.0
2262,easy,1.0,1.0,1.0,1.0,0.5
2264,easy,1.0,1.0,1.0,0.6309,0.3869
2282,easy,1.0,0.6309,0.4307,0.6309,1.0
2327,easy,1.0,1.0,1.0,0.6934,0.0
2329,easy,1.0,0.8772,1.0,1.0,0.6934
2638,easy,1.0,0.6053,1.0,0.8772,0.6131
2843,easy,1.0,1.0,1.0,1.0,0.0
2847,easy,1.0,1.0,1.0,1.0,1.0
2851,easy,1.0,1.0,1.0,1.0,1.0
2866,easy,1.0,0.0,0.6309,1.0,0.3869
2870,easy,1.0,1.0,1.0,1.0,1.0
3005,easy,1.0,1.0,1.0,0.0,0.0
3031,easy,1.0,1.0,1.0,1.0,1.0
3183,easy,1.0,1.0,1.0,0.6309,0.5
3201,easy,1.0,0.6309,1.0,0.3869,0.0
3213,easy,1.0,0.6309,1.0,0.6309,0.3562
3273,easy,1.0,1.0,1.0,1.0,0.9197
3300,easy,1.0,1.0,0.5,0.6309,0.3869
3382,easy,1.0,1.0,1.0,1.0,0.5
3393,easy,1.0,1.0,1.0,0.3869,0.0
3406,easy,1.0,1.0,1.0,1.0,0.3869
3415,easy,1.0,0.6309,0.6309,1.0,1.0
3422,easy,1.0,0.4307,1.0,0.6309,0.5
3428,easy,1.0,1.0,1.0,1.0,1.0
3434,easy,1.0,1.0,0.9197,0.8175,0.6131
3452,easy,1.0,1.0,0.5,1.0,1.0
3555,easy,1.0,1.0,1.0,1.0,1.0
3589,easy,1.0,0.6309,1.0,0.6309,0.0
3628,easy,1.0,1.0,1.0,1.0,1.0
3679,easy,1.0,0.3869,0.6309,1.0,1.0
3690,easy,1.0,1.0,0.9675,0.6979,0.3084
3731,easy,1.0,1.0,1.0,0.4307,0.0
3738,easy,1.0,1.0,1.0,1.0,0.5
3787,easy,1.0,1.0,1.0,1.0,0.906
3804,easy,1.0,1.0,0.8772,0.3869,0.0
3826,easy,1.0,1.0,1.0,1.0,1.0
3901,easy,1.0,0.3869,1.0,1.0,0.4307
3906,easy,1.0,1.0,0.6309,0.4307,0.0
3917,easy,1.0,1.0,1.0,1.0,1.0
3934,easy,1.0,0.9878,1.0,0.9683,0.7997
3952,easy,1.0,0.8772,1.0,0.3869,0.2184
3953,easy,1.0,0.3562,0.5,1.0,1.0
4078,easy,1.0,1.0,1.0,1.0,1.0
4100,easy,1.0,0.9197,1.0,0.8772,0.6131
4111,easy,1.0,0.6309,1.0,1.0,1.0
4123,easy,1.0,0.6309,1.0,1.0,1.0
4129,easy,1.0,1.0,1.0,1.0,1.0
4137,easy,1.0,1.0,1.0,0.4307,0.0
4171,easy,1.0,0.6309,1.0,1.0,1.0
4180,easy,1.0,1.0,1.0,0.3333,0.0
4183,easy,1.0,0.6309,0.6309,1.0,1.0
4202,easy,1.0,1.0,1.0,0.5438,0.0
4203,easy,1.0,1.0,1.0,0.0,0.0
4292,easy,1.0,1.0,1.0,1.0,0.6309
4299,easy,1.0,1.0,1.0,0.9197,0.0
4307,easy,1.0,0.6309,1.0,1.0,1.0
4319,easy,1.0,0.0,0.0,0.3869,1.0
4332,easy,1.0,1.0,1.0,0.6309,0.0
4358,easy,1.0,1.0,0.6309,1.0,1.0
4387,easy,1.0,1.0,1.0,0.0,0.0
4405,easy,1.0,1.0,0.9829,0.9439,0.5892
4415,easy,1.0,1.0,1.0,1.0,1.0
4436,easy,1.0,1.0,1.0,0.4307,0.0
4444,easy,1.0,1.0,1.0,1.0,1.0
4481,easy,1.0,1.0,1.0,0.3869,0.0
4489,easy,1.0,1.0,1.0,1.0,0.4307
4569,easy,1.0,0.9447,0.9829,1.0,0.9709
4600,easy,1.0,0.5,1.0,0.3562,0.0
4605,easy,1.0,1.0,1.0,0.8928,0.5757
4699,easy,1.0,0.5,1.0,1.0,1.0
4732,easy,1.0,1.0,1.0,1.0,1.0
4760,easy,1.0,1.0,1.0,1.0,1.0
4788,easy,1.0,0.4307,0.5,1.0,1.0
4816,easy,1.0,0.301,0.6309,1.0,1.0
4836,easy,1.0,1.0,1.0,1.0,1.0
4850,easy,1.0,0.9197,0.8066,1.0,0.9197
4897,easy,1.0,1.0,1.0,1.0,1.0
4898,easy,1.0,0.6309,0.5,1.0,1.0
4919,easy,1.0,1.0,0.9197,0.8316,0.2044
4924,easy,1.0,1.0,1.0,1.0,1.0
4932,easy,1.0,0.9747,0.9747,1.0,0.6992
4979,easy,1.0,1.0,1.0,1.0,1.0
4994,easy,1.0,1.0,0.0,0.3869,0.5
5104,easy,1.0,1.0,1.0,1.0,1.0
5170,easy,1.0,0.8772,1.0,0.6131,0.6131
5176,easy,1.0,0.6309,0.3155,0.5,1.0
5183,easy,1.0,0.852,1.0,1.0,0.6788
5220,easy,1.0,1.0,0.8503,0.9197,0.5438
5226,easy,1.0,1.0,1.0,1.0,1.0
5229,easy,1.0,1.0,1.0,1.0,1.0
5234,easy,1.0,1.0,1.0,0.5,0.0
5247,easy,1.0,1.0,0.511,0.6509,0.3066
5249,easy,1.0,1.0,1.0,0.9675,0.4776
5262,easy,1.0,1.0,0.6578,0.7725,0.0
5263,easy,1.0,1.0,1.0,0.6309,0.5
5276,easy,1.0,1.0,1.0,1.0,0.6309
5312,easy,1.0,1.0,0.6309,1.0,0.3869
5352,easy,1.0,0.5,0.6309,1.0,0.6309
5395,easy,1.0,1.0,0.6309,0.3562,0.0
5408,easy,1.0,1.0,1.0,0.3333,0.0
5421,easy,1.0,1.0,0.6309,1.0,1.0
5499,easy,1.0,0.9197,1.0,0.7904,0.0
5518,easy,1.0,1.0,0.6309,0.6309,0.6309
5567,easy,1.0,0.6131,0.6131,0.6131,1.0
5573,easy,1.0,1.0,0.6309,0.5,0.4307
5583,easy,1.0,1.0,0.3869,0.5714,0.2184
5597,easy,1.0,0.6309,1.0,0.0,0.0
5609,easy,1.0,1.0,1.0,0.8503,0.6131
5629,easy,1.0,1.0,1.0,1.0,1.0
5644,easy,1.0,1.0,0.6309,1.0,1.0
5653,easy,1.0,1.0,1.0,1.0,1.0
5685,easy,1.0,1.0,1.0,1.0,1.0
5692,easy,1.0,1.0,0.6309,0.6309,0.5
5707,easy,1.0,1.0,1.0,1.0,0.5
5712,easy,1.0,1.0,1.0,1.0,1.0
5716,easy,1.0,1.0,0.9197,0.5438,0.0
5772,easy,1.0,1.0,0.6309,0.6309,0.6309
5821,easy,1.0,1.0,1.0,0.0,0.0
5827,easy,1.0,1.0,0.6309,0.6309,0.6309
5850,easy,1.0,1.0,1.0,1.0,1.0
5855,easy,1.0,1.0,0.9675,0.9469,0.7654
5856,easy,1.0,1.0,1.0,0.6309,0.4307
5879,easy,1.0,1.0,1.0,1.0,0.6309
5892,easy,1.0,1.0,1.0,0.6934,0.5706
5904,easy,1.0,1.0,0.5,0.6309,0.2891
5912,easy,1.0,1.0,0.6934,0.8175,0.2044
6081,easy,1.0,1.0,1.0,1.0,0.3333
6128,easy,1.0,0.7777,0.906,1.0,1.0
6138,easy,1.0,1.0,1.0,0.6309,0.0
